{
    "left_knee": 112.31426349318207,
    "right_knee": 77.57839386869728,
    "left_hip": 105.32475583630439,
    "right_hip": 110.02678904909747,
    "left_elbow": 147.8983099979706,
    "right_elbow": 149.9375563892256,
    "left_shoulder": 112.86388478325607,
    "right_shoulder": 140.35850110474533,
    "torso": 137.9081676752363
}