{
    "left_knee": 144.9492283905026,
    "right_knee": 161.81063747267132,
    "left_hip": 152.02220516483922,
    "right_hip": 120.71510854433049,
    "left_elbow": 133.95992648038245,
    "right_elbow": 81.06005020676724,
    "left_shoulder": 145.02816209218133,
    "right_shoulder": 122.84557366347289,
    "torso": 163.0369937873505
}